{
  "positive": {
    "precision": 0.0,
    "recall": 0.0,
    "f1-score": 0.0,
    "support": 7,
    "confused_with": {
      "goodbye": 2,
      "affirm": 2,
      "request_recipe": 1
    }
  },
  "inform": {
    "precision": 0.8484848484848485,
    "recall": 0.7368421052631579,
    "f1-score": 0.7887323943661972,
    "support": 38,
    "confused_with": {
      "request_recipe": 5,
      "deny": 2
    }
  },
  "request_recipe": {
    "precision": 0.84,
    "recall": 0.9545454545454546,
    "f1-score": 0.8936170212765958,
    "support": 88,
    "confused_with": {
      "inform": 3,
      "request_easy_recipe": 1
    }
  },
  "deny": {
    "precision": 0.46153846153846156,
    "recall": 0.6666666666666666,
    "f1-score": 0.5454545454545455,
    "support": 9,
    "confused_with": {
      "mood_unhappy": 1,
      "greet": 1
    }
  },
  "greet": {
    "precision": 0.7142857142857143,
    "recall": 0.7142857142857143,
    "f1-score": 0.7142857142857143,
    "support": 14,
    "confused_with": {
      "mood_great": 2,
      "negative": 1
    }
  },
  "request_easy_recipe": {
    "precision": 0.8571428571428571,
    "recall": 0.6666666666666666,
    "f1-score": 0.75,
    "support": 9,
    "confused_with": {
      "request_recipe": 3
    }
  },
  "negative": {
    "precision": 0.0,
    "recall": 0.0,
    "f1-score": 0.0,
    "support": 6,
    "confused_with": {
      "deny": 2,
      "request_recipe": 1,
      "mood_unhappy": 1
    }
  },
  "mood_unhappy": {
    "precision": 0.5714285714285714,
    "recall": 0.8571428571428571,
    "f1-score": 0.6857142857142857,
    "support": 14,
    "confused_with": {
      "mood_great": 1,
      "goodbye": 1
    }
  },
  "bot_challenge": {
    "precision": 0.8333333333333334,
    "recall": 1.0,
    "f1-score": 0.9090909090909091,
    "support": 5,
    "confused_with": {}
  },
  "inform_id": {
    "precision": 0.8333333333333334,
    "recall": 1.0,
    "f1-score": 0.9090909090909091,
    "support": 5,
    "confused_with": {}
  },
  "affirm": {
    "precision": 0.5,
    "recall": 0.4444444444444444,
    "f1-score": 0.47058823529411764,
    "support": 9,
    "confused_with": {
      "request_recipe": 2,
      "mood_great": 2
    }
  },
  "change_choices": {
    "precision": 0.8333333333333334,
    "recall": 0.8333333333333334,
    "f1-score": 0.8333333333333334,
    "support": 18,
    "confused_with": {
      "request_recipe": 2,
      "inform": 1
    }
  },
  "out_of_scope": {
    "precision": 0.0,
    "recall": 0.0,
    "f1-score": 0.0,
    "support": 5,
    "confused_with": {
      "request_recipe": 2,
      "inform_id": 1,
      "inform": 1
    }
  },
  "goodbye": {
    "precision": 0.6666666666666666,
    "recall": 0.5454545454545454,
    "f1-score": 0.6,
    "support": 11,
    "confused_with": {
      "mood_unhappy": 1,
      "mood_great": 1
    }
  },
  "mood_great": {
    "precision": 0.5,
    "recall": 0.5,
    "f1-score": 0.5,
    "support": 14,
    "confused_with": {
      "mood_unhappy": 5,
      "greet": 1
    }
  },
  "accuracy": 0.746031746031746,
  "macro avg": {
    "precision": 0.563969807969808,
    "recall": 0.5946254525201894,
    "f1-score": 0.5733271565271072,
    "support": 252
  },
  "weighted avg": {
    "precision": 0.7071318364175507,
    "recall": 0.746031746031746,
    "f1-score": 0.7214104086345355,
    "support": 252
  }
}